id,name,uid,pair_uid,city_id,created_at,updated_at
1,地铁16号线(西苑-北安河),df70782f9677438a373a71e9,1c7438e02ac59124f5c59c83,1,2018-07-23 02:28:36,2018-07-23 02:28:36
2,地铁s1线(石厂-金安桥),8e08d3bb7043c9149e95de7a,2e868a270a6a144a08ccdde1,1,2018-07-23 02:28:36,2018-07-23 02:28:36
3,地铁燕房线(阎村东-燕山),63959882982627d69ee321c2,8b1c930b98f74c240d3dda57,1,2018-07-23 02:28:36,2018-07-23 02:28:36
4,西郊线(香山-巴沟),aa7cc23dc6fa5f7b97031977,d3cf791cf883f83912882470,1,2018-07-23 02:28:36,2018-07-23 02:28:36
5,地铁s1线(金安桥-石厂),2e868a270a6a144a08ccdde1,8e08d3bb7043c9149e95de7a,1,2018-07-23 02:28:36,2018-07-23 02:28:36
6,地铁15号线(清华东路西口-俸伯),6363d7f82d1625bed7b74e6c,7963e11e54ffab581cf74d6c,1,2018-07-23 02:28:36,2018-07-23 02:28:36
7,地铁8号线(南锣鼓巷-朱辛庄),d25acca9ad2e8a57f21937ac,86147d290c19ca50a2d230ac,1,2018-07-23 02:28:37,2018-07-23 02:28:37
8,地铁15号线(俸伯-清华东路西口),7963e11e54ffab581cf74d6c,6363d7f82d1625bed7b74e6c,1,2018-07-23 02:28:37,2018-07-23 02:28:37
9,地铁14号线东段(北京南站-善各庄),d79471cb1c5e11681029359e,a29055b05b19575787154113,1,2018-07-23 02:28:37,2018-07-23 02:28:37
10,地铁14号线西段(西局-张郭庄),d53d841d8d65c36b82a00ccd,8816b6b9de1f0ace70210bcd,1,2018-07-23 02:28:37,2018-07-23 02:28:37
11,地铁昌平线(昌平西山口-西二旗),0f5b9ac71003a249c41e516c,1cba93042407fd57dd1e526c,1,2018-07-23 02:28:37,2018-07-23 02:28:37
12,地铁14号线东段(善各庄-北京南站),a29055b05b19575787154113,d79471cb1c5e11681029359e,1,2018-07-23 02:28:37,2018-07-23 02:28:37
13,地铁昌平线(西二旗-昌平西山口),1cba93042407fd57dd1e526c,0f5b9ac71003a249c41e516c,1,2018-07-23 02:28:37,2018-07-23 02:28:37
14,房山线(郭公庄-阎村东),5485ae11a3f0eefe00294f6c,526c20f768b039602bfc486c,1,2018-07-23 02:28:37,2018-07-23 02:28:37
15,地铁4号线大兴线(安河桥北-天宫院),1479a7007b19e457ebf8536c,277df81e6219d2b192114c6c,1,2018-07-23 02:28:38,2018-07-23 02:28:38
16,地铁7号线(焦化厂-北京西站),7b91975794680a2d8bdb7351,9720448fad9bd8b1f50e778f,1,2018-07-23 02:28:38,2018-07-23 02:28:38
17,亦庄线(次渠-宋家庄),15ca3c2994fb88054acc4a6c,dd8aebb7bf2e12b5b14c496c,1,2018-07-23 02:28:38,2018-07-23 02:28:38
18,地铁9号线(国家图书馆-郭公庄),3494dc1e4c1e9a9b3ce231ac,94a39c191cd504ab471a32ac,1,2018-07-23 02:28:38,2018-07-23 02:28:38
19,亦庄线(宋家庄-次渠),dd8aebb7bf2e12b5b14c496c,15ca3c2994fb88054acc4a6c,1,2018-07-23 02:28:38,2018-07-23 02:28:38
20,地铁14号线西段(张郭庄-西局),8816b6b9de1f0ace70210bcd,d53d841d8d65c36b82a00ccd,1,2018-07-23 02:28:38,2018-07-23 02:28:38
21,地铁6号线(海淀五路居-潞城),a15f370891be585133870acc,c813960a8a3d3ac08adb73cc,1,2018-07-23 02:28:38,2018-07-23 02:28:38
22,地铁9号线(郭公庄-国家图书馆),94a39c191cd504ab471a32ac,3494dc1e4c1e9a9b3ce231ac,1,2018-07-23 02:28:39,2018-07-23 02:28:39
23,房山线(阎村东-郭公庄),526c20f768b039602bfc486c,5485ae11a3f0eefe00294f6c,1,2018-07-23 02:28:39,2018-07-23 02:28:39
24,地铁6号线(潞城-海淀五路居),c813960a8a3d3ac08adb73cc,a15f370891be585133870acc,1,2018-07-23 02:28:39,2018-07-23 02:28:39
25,地铁4号线大兴线(天宫院-安河桥北),277df81e6219d2b192114c6c,1479a7007b19e457ebf8536c,1,2018-07-23 02:28:39,2018-07-23 02:28:39
26,地铁7号线(北京西站-焦化厂),9720448fad9bd8b1f50e778f,7b91975794680a2d8bdb7351,1,2018-07-23 02:28:39,2018-07-23 02:28:39
27,地铁8号线(朱辛庄-南锣鼓巷),86147d290c19ca50a2d230ac,d25acca9ad2e8a57f21937ac,1,2018-07-23 02:28:39,2018-07-23 02:28:39
28,西郊线(巴沟-香山),d3cf791cf883f83912882470,aa7cc23dc6fa5f7b97031977,1,2018-07-23 02:28:39,2018-07-23 02:28:39
29,地铁燕房线(燕山-阎村东),8b1c930b98f74c240d3dda57,63959882982627d69ee321c2,1,2018-07-23 02:28:40,2018-07-23 02:28:40
30,地铁16号线(北安河-西苑),1c7438e02ac59124f5c59c83,df70782f9677438a373a71e9,1,2018-07-23 02:28:40,2018-07-23 02:28:40
31,地铁2号线(内环(积水潭-积水潭)),9dc3b3dab4becfaea2a934b7,32c31282e310f2aacb213db7,1,2018-07-23 02:28:40,2018-07-23 02:28:40
32,机场线(东直门-东直门),8a23b4a9ad2e8a57f21937b7,,1,2018-07-23 02:28:40,2018-07-23 02:28:40
33,地铁1号线(苹果园-四惠东),3e210d94b51b7a184107c1b7,bce557d6f7fadd4ea5da39b7,1,2018-07-23 02:28:40,2018-07-23 02:28:40
34,地铁5号线(宋家庄-天通苑北),76464b1774e4f36841d63eb7,3039f3071bdd32f0f7e73bb7,1,2018-07-23 02:28:40,2018-07-23 02:28:40
35,地铁1号线(四惠东-苹果园),bce557d6f7fadd4ea5da39b7,3e210d94b51b7a184107c1b7,1,2018-07-23 02:28:40,2018-07-23 02:28:40
36,八通线(土桥-四惠),37125ffd5b009d930ab93ab7,32955707ba85655ecae33cb7,1,2018-07-23 02:28:40,2018-07-23 02:28:40
37,地铁10号线(外环(巴沟-巴沟)),de6d05290c19ca50a2d230b7,28d3dce37526799f49fd3fb7,1,2018-07-23 02:28:41,2018-07-23 02:28:41
38,地铁2号线(外环(西直门-西直门)),32c31282e310f2aacb213db7,9dc3b3dab4becfaea2a934b7,1,2018-07-23 02:28:41,2018-07-23 02:28:41
39,地铁5号线(天通苑北-宋家庄),3039f3071bdd32f0f7e73bb7,76464b1774e4f36841d63eb7,1,2018-07-23 02:28:41,2018-07-23 02:28:41
40,地铁13号线(东直门-西直门),7ad85451ff003ccb5d17c3b7,75501d1cfc56794e0482c2b7,1,2018-07-23 02:28:41,2018-07-23 02:28:41
41,地铁10号线(内环(车道沟-车道沟)),28d3dce37526799f49fd3fb7,de6d05290c19ca50a2d230b7,1,2018-07-23 02:28:41,2018-07-23 02:28:41
42,八通线(四惠-土桥),32955707ba85655ecae33cb7,37125ffd5b009d930ab93ab7,1,2018-07-23 02:28:42,2018-07-23 02:28:42
43,地铁13号线(西直门-东直门),75501d1cfc56794e0482c2b7,7ad85451ff003ccb5d17c3b7,1,2018-07-23 02:28:42,2018-07-23 02:28:42
44,轨道交通浦江线(沈杜公路-汇臻路),dad6fd43605318301ce999f0,92cb003116315e68b817e788,2,2018-07-23 02:28:42,2018-07-23 02:28:42
45,地铁8号线(市光路-沈杜公路),2d6cc6ff85250abeb75f1eb7,453b2d228cf08f16d4851fb7,2,2018-07-23 02:28:42,2018-07-23 02:28:42
46,地铁13号线(金运路-世博大道),e226f1493252e3a58b36eecd,8cb221172f25114bd52ce2cd,2,2018-07-23 02:28:42,2018-07-23 02:28:42
47,地铁9号线(曹路-松江南站),a533a15f6a82e35a970319b7,afe624f70958ecccdb1318b7,2,2018-07-23 02:28:43,2018-07-23 02:28:43
48,地铁1号线(莘庄-富锦路),52ebbdf710b5a7a5118824b7,3f30cc2f15f096fb9fec2bb7,2,2018-07-23 02:28:43,2018-07-23 02:28:43
49,地铁2号线(徐泾东-广兰路),247689ecaf8ffcb9455726b7,2033b8b221eb29c1c4f025b7,2,2018-07-23 02:28:43,2018-07-23 02:28:43
50,地铁7号线(花木路-美兰湖),b872d321ffd171b4e4073840,beb059d6f7fadd4ea4da3940,2,2018-07-23 02:28:43,2018-07-23 02:28:43
51,地铁3号线(江杨北路-上海南站),122807887af77d1e8d7727b7,9d4cd2f0fb50b53e210220b7,2,2018-07-23 02:28:44,2018-07-23 02:28:44
52,地铁8号线(沈杜公路-市光路),453b2d228cf08f16d4851fb7,2d6cc6ff85250abeb75f1eb7,2,2018-07-23 02:28:44,2018-07-23 02:28:44
53,地铁6号线(港城路-东方体育中心),1cb3370223e487e1d0ff23b7,0e27a9a86ef8036b32f71db7,2,2018-07-23 02:28:44,2018-07-23 02:28:44
54,地铁9号线(松江南站-曹路),afe624f70958ecccdb1318b7,a533a15f6a82e35a970319b7,2,2018-07-23 02:28:44,2018-07-23 02:28:44
55,地铁6号线(东方体育中心-港城路),0e27a9a86ef8036b32f71db7,1cb3370223e487e1d0ff23b7,2,2018-07-23 02:28:44,2018-07-23 02:28:44
56,地铁10号线(虹桥火车站-新江湾城),e4620f87cf26bf7a14c90569,b5fd4c2139342d808afc0669,2,2018-07-23 02:28:45,2018-07-23 02:28:45
57,地铁2号线东延伸段(广兰路-浦东国际机场),d5376db99cf7cc6a1c1d11cd,3cee6d23a31a0b2bfa2213cd,2,2018-07-23 02:28:45,2018-07-23 02:28:45
58,地铁12号线(七莘路-金海路),d3d9126cf9d10c7abca822b5,24fcf5bab78ceedecbc3dbf6,2,2018-07-23 02:28:45,2018-07-23 02:28:45
59,地铁7号线(美兰湖-花木路),beb059d6f7fadd4ea4da3940,b872d321ffd171b4e4073840,2,2018-07-23 02:28:45,2018-07-23 02:28:45
60,地铁10号线(新江湾城-虹桥火车站),b5fd4c2139342d808afc0669,e4620f87cf26bf7a14c90569,2,2018-07-23 02:28:45,2018-07-23 02:28:45
61,地铁5号线(闵行开发区-莘庄),cb939b779f05a5aabfa822b7,4b3453573370194b9de321b7,2,2018-07-23 02:28:46,2018-07-23 02:28:46
62,地铁16号线(龙阳路-滴水湖),88bb4fc536955de3b5147fa9,304061766501af4b3210afee,2,2018-07-23 02:28:46,2018-07-23 02:28:46
63,地铁16号线(滴水湖-龙阳路),304061766501af4b3210afee,88bb4fc536955de3b5147fa9,2,2018-07-23 02:28:46,2018-07-23 02:28:46
64,地铁4号线(内圈(宜山路-宜山路)),b1c68be301afe8b63b221cb7,ab354f3a2e18d696f8f0cbb7,2,2018-07-23 02:28:46,2018-07-23 02:28:46
65,地铁11号线(嘉定北-迪士尼),7413451774e4f36840d63e40,2e86d2e37526799f48fd3f40,2,2018-07-23 02:28:46,2018-07-23 02:28:46
66,地铁10号线(航中路-新江湾城),9fc52817b6cba6dc4e2fdfe8,7aee16cc20927666a80dd8e8,2,2018-07-23 02:28:46,2018-07-23 02:28:46
67,地铁12号线(金海路-七莘路),24fcf5bab78ceedecbc3dbf6,d3d9126cf9d10c7abca822b5,2,2018-07-23 02:28:46,2018-07-23 02:28:46
68,地铁11号线(迪士尼-嘉定北),2e86d2e37526799f48fd3f40,7413451774e4f36840d63e40,2,2018-07-23 02:28:47,2018-07-23 02:28:47
69,磁悬浮(龙阳路-浦东国际机场),219bc2856514af4a28201ab7,fbdbf8df46f798e551e5c5b7,2,2018-07-23 02:28:47,2018-07-23 02:28:47
70,地铁10号线(新江湾城-航中路),7aee16cc20927666a80dd8e8,9fc52817b6cba6dc4e2fdfe8,2,2018-07-23 02:28:47,2018-07-23 02:28:47
71,地铁11号线(迪士尼-花桥),6b2b62b535f607d3cbfa5f45,a82393f1819df2b360685845,2,2018-07-23 02:28:47,2018-07-23 02:28:47
72,地铁4号线(外圈(宜山路-宜山路)),ab354f3a2e18d696f8f0cbb7,b1c68be301afe8b63b221cb7,2,2018-07-23 02:28:47,2018-07-23 02:28:47
73,地铁11号线(花桥-迪士尼),a82393f1819df2b360685845,6b2b62b535f607d3cbfa5f45,2,2018-07-23 02:28:48,2018-07-23 02:28:48
74,地铁2号线(广兰路-徐泾东),2033b8b221eb29c1c4f025b7,247689ecaf8ffcb9455726b7,2,2018-07-23 02:28:48,2018-07-23 02:28:48
75,地铁5号线(莘庄-闵行开发区),4b3453573370194b9de321b7,cb939b779f05a5aabfa822b7,2,2018-07-23 02:28:48,2018-07-23 02:28:48
76,地铁2号线东延伸段(浦东国际机场-广兰路),3cee6d23a31a0b2bfa2213cd,d5376db99cf7cc6a1c1d11cd,2,2018-07-23 02:28:48,2018-07-23 02:28:48
77,地铁1号线(富锦路-莘庄),3f30cc2f15f096fb9fec2bb7,52ebbdf710b5a7a5118824b7,2,2018-07-23 02:28:48,2018-07-23 02:28:48
78,地铁3号线(上海南站-江杨北路),9d4cd2f0fb50b53e210220b7,122807887af77d1e8d7727b7,2,2018-07-23 02:28:48,2018-07-23 02:28:48
79,地铁13号线(世博大道-金运路),8cb221172f25114bd52ce2cd,e226f1493252e3a58b36eecd,2,2018-07-23 02:28:49,2018-07-23 02:28:49
80,磁悬浮(浦东国际机场-龙阳路),fbdbf8df46f798e551e5c5b7,219bc2856514af4a28201ab7,2,2018-07-23 02:28:49,2018-07-23 02:28:49
81,轨道交通17号线(东方绿舟-虹桥火车站),a4d2e449410a5ef31ce999c0,e8608705a4116f6abda240bb,2,2018-07-23 02:28:49,2018-07-23 02:28:49
82,轨道交通17号线(虹桥火车站-东方绿舟),e8608705a4116f6abda240bb,a4d2e449410a5ef31ce999c0,2,2018-07-23 02:28:49,2018-07-23 02:28:49
83,轨道交通浦江线(汇臻路-沈杜公路),92cb003116315e68b817e788,dad6fd43605318301ce999f0,2,2018-07-23 02:28:49,2018-07-23 02:28:49
84,地铁7号线(广州南站-大学城南),78054b01c3fe96e7461a32c4,69de70b8378bf6a60ab93af4,3,2018-07-23 02:28:49,2018-07-23 02:28:49
85,地铁9号线(高增-飞鹅岭),0d76ae13a9a634298bf15d86,e623f661aa9fa2798bf15dc2,3,2018-07-23 02:28:49,2018-07-23 02:28:49
86,地铁13号线(新沙-鱼珠),c7c6247823a8328217948ec5,3d57bbd794acff02b34c4926,3,2018-07-23 02:28:49,2018-07-23 02:28:49
87,地铁6号线(香雪-浔峰岗),62e1a0dfee85ec8221f017db,e38c8da0c2672ccc17948e44,3,2018-07-23 02:28:49,2018-07-23 02:28:49
88,地铁6号线(浔峰岗-香雪),e38c8da0c2672ccc17948e44,62e1a0dfee85ec8221f017db,3,2018-07-23 02:28:50,2018-07-23 02:28:50
89,地铁7号线(大学城南-广州南站),69de70b8378bf6a60ab93af4,78054b01c3fe96e7461a32c4,3,2018-07-23 02:28:50,2018-07-23 02:28:50
90,知识城线(新和-镇龙),4b78f851dc6117271811d50d,e57c8104d99e35102e473360,3,2018-07-23 02:28:50,2018-07-23 02:28:50
91,知识城线(镇龙-新和),e57c8104d99e35102e473360,4b78f851dc6117271811d50d,3,2018-07-23 02:28:50,2018-07-23 02:28:50
92,地铁9号线(飞鹅岭-高增),e623f661aa9fa2798bf15dc2,0d76ae13a9a634298bf15d86,3,2018-07-23 02:28:50,2018-07-23 02:28:50
93,地铁13号线(鱼珠-新沙),3d57bbd794acff02b34c4926,c7c6247823a8328217948ec5,3,2018-07-23 02:28:50,2018-07-23 02:28:50
94,地铁2号线(广州南站-嘉禾望岗),62cb4fc848093743343a7183,d918c70eb10d0c7302897283,3,2018-07-23 02:28:50,2018-07-23 02:28:50
95,地铁4号线(南沙客运港-黄村),843b94a108f3e266abf729b7,0465a0f4642893beaeb22ab7,3,2018-07-23 02:28:50,2018-07-23 02:28:50
96,地铁3号线(番禺广场-天河客运站),bf26511a9040548903ff2db7,c5de3847d2c73bb682a12eb7,3,2018-07-23 02:28:51,2018-07-23 02:28:51
97,地铁1号线(西朗-广州东站),ccdae4191cd504ab471a32b7,6ceda41e4c1e9a9b3ce231b7,3,2018-07-23 02:28:51,2018-07-23 02:28:51
98,地铁5号线(文冲-滘口),2cc05907ba85655ecbe33c40,30961c82e310f2aaca213d40,3,2018-07-23 02:28:51,2018-07-23 02:28:51
99,地铁4号线(黄村-南沙客运港),0465a0f4642893beaeb22ab7,843b94a108f3e266abf729b7,3,2018-07-23 02:28:51,2018-07-23 02:28:51
100,apm线(林和西-广州塔),f3a162bece4c4917b03c816c,54c34d4bcf598975e9e5826c,3,2018-07-23 02:28:51,2018-07-23 02:28:51
101,广佛线(燕岗-新城东),722f2d1d8d65c36b82a00cff,a5fcc423a31a0b2bfa2213ff,3,2018-07-23 02:28:51,2018-07-23 02:28:51
102,地铁8号线(凤凰新村-万胜围),50de3e0a8a3d3ac08bdb7383,a6da053abc8eb39235b06c83,3,2018-07-23 02:28:51,2018-07-23 02:28:51
103,地铁1号线(广州东站-西朗),6ceda41e4c1e9a9b3ce231b7,ccdae4191cd504ab471a32b7,3,2018-07-23 02:28:52,2018-07-23 02:28:52
104,广佛线(新城东-燕岗),a5fcc423a31a0b2bfa2213ff,722f2d1d8d65c36b82a00cff,3,2018-07-23 02:28:52,2018-07-23 02:28:52
105,地铁8号线(万胜围-凤凰新村),a6da053abc8eb39235b06c83,50de3e0a8a3d3ac08bdb7383,3,2018-07-23 02:28:52,2018-07-23 02:28:52
106,地铁3号线(天河客运站-番禺广场),c5de3847d2c73bb682a12eb7,bf26511a9040548903ff2db7,3,2018-07-23 02:28:52,2018-07-23 02:28:52
107,地铁2号线(嘉禾望岗-广州南站),d918c70eb10d0c7302897283,62cb4fc848093743343a7183,3,2018-07-23 02:28:52,2018-07-23 02:28:52
108,地铁3号线北延段(体育西路-机场北(2号航站楼)),70b512f04a242554326212ff,4c25c4b99cf7cc6a1c1d11ff,3,2018-07-23 02:28:52,2018-07-23 02:28:52
109,地铁5号线(滘口-文冲),30961c82e310f2aaca213d40,2cc05907ba85655ecbe33c40,3,2018-07-23 02:28:52,2018-07-23 02:28:52
110,地铁3号线北延段(机场北(2号航站楼)-体育西路),4c25c4b99cf7cc6a1c1d11ff,70b512f04a242554326212ff,3,2018-07-23 02:28:53,2018-07-23 02:28:53
111,apm线(广州塔-林和西),54c34d4bcf598975e9e5826c,f3a162bece4c4917b03c816c,3,2018-07-23 02:28:53,2018-07-23 02:28:53
112,7号线(太安-西丽湖),7387535997702bf9b11e3604,3b7c4f561911867f2bd7ab05,4,2018-07-23 02:28:53,2018-07-23 02:28:53
113,9号线(红树湾南-文锦),cedf801f22082c2c4657261f,0839c51b71c2ed916c3e1b9a,4,2018-07-23 02:28:53,2018-07-23 02:28:53
114,7号线(西丽湖-太安),3b7c4f561911867f2bd7ab05,7387535997702bf9b11e3604,4,2018-07-23 02:28:53,2018-07-23 02:28:53
115,11号线(福田-碧头),51a8d3da63047064fa42b2d8,90a8c04994671a810ab93a4d,4,2018-07-23 02:28:53,2018-07-23 02:28:53
116,9号线(文锦-红树湾南),0839c51b71c2ed916c3e1b9a,cedf801f22082c2c4657261f,4,2018-07-23 02:28:54,2018-07-23 02:28:54
117,11号线(碧头-福田),90a8c04994671a810ab93a4d,51a8d3da63047064fa42b2d8,4,2018-07-23 02:28:54,2018-07-23 02:28:54
118,1号线(罗宝线)(罗湖-机场东),f19e82a86ef8036b33f71d6c,d0d5edff85250abeb65f1e6c,4,2018-07-23 02:28:54,2018-07-23 02:28:54
119,1号线(罗宝线)(机场东-罗湖),d0d5edff85250abeb65f1e6c,f19e82a86ef8036b33f71d6c,4,2018-07-23 02:28:54,2018-07-23 02:28:54
120,4号线(龙华线)(福田口岸-清湖),be8206228cf08f16d5851f6c,4a5f0ff70958ecccda13186c,4,2018-07-23 02:28:54,2018-07-23 02:28:54
121,4号线(龙华线)(清湖-福田口岸),4a5f0ff70958ecccda13186c,be8206228cf08f16d5851f6c,4,2018-07-23 02:28:54,2018-07-23 02:28:54
122,2号线(蛇口线)(赤湾-新秀),428a8a5f6a82e35a9603196c,c422e9856514af4a29201a6c,4,2018-07-23 02:28:55,2018-07-23 02:28:55
123,2号线(蛇口线)(新秀-赤湾),c422e9856514af4a29201a6c,428a8a5f6a82e35a9603196c,4,2018-07-23 02:28:55,2018-07-23 02:28:55
124,3号线(龙岗线)(益田-双龙),e4dd65fa9be7ff62c07da229,f2c36de0792cf934912ca329,4,2018-07-23 02:28:55,2018-07-23 02:28:55
125,5号线(环中线)(黄贝岭-前海湾),18e9bc5678e80ecf04fef5ec,1588b5155551fea63686f4ec,4,2018-07-23 02:28:55,2018-07-23 02:28:55
126,5号线(环中线)(前海湾-黄贝岭),1588b5155551fea63686f4ec,18e9bc5678e80ecf04fef5ec,4,2018-07-23 02:28:55,2018-07-23 02:28:55
127,3号线(龙岗线)(双龙-益田),f2c36de0792cf934912ca329,e4dd65fa9be7ff62c07da229,4,2018-07-23 02:28:56,2018-07-23 02:28:56
128,轨道交通5号线(园博中心-大龙山),7f724f0c2cad0dd65bf6be69,831a7fa7f3d60c1b7c29bde2,5,2018-07-23 02:28:56,2018-07-23 02:28:56
129,轨道交通3号线北延伸线(举人坝-碧津),1ffaf56ed9af4d24ca291580,d8db1744cdaf7d5bd3ff2390,5,2018-07-23 02:28:56,2018-07-23 02:28:56
130,轨道交通3号线北延伸线(碧津-举人坝),d8db1744cdaf7d5bd3ff2390,1ffaf56ed9af4d24ca291580,5,2018-07-23 02:28:56,2018-07-23 02:28:56
131,轨道交通10号线(鲤鱼池-王家庄),979718fb8310184d3c9a5e9c,a46e3a04fa5a532aad31e540,5,2018-07-23 02:28:56,2018-07-23 02:28:56
132,国博线(礼嘉-悦来),c810960a8a3d3ac08adb73cd,c9c5acb091be753e06026fcd,5,2018-07-23 02:28:56,2018-07-23 02:28:56
133,轨道交通2号线(较场口-鱼洞),06f97547d2c73bb682a12e96,6ea437c0bdf8bae8b6f42f96,5,2018-07-23 02:28:56,2018-07-23 02:28:56
134,轨道交通3号线(鱼洞-江北机场t2航站楼),3341e02fc8e2ee51ff0eb0d9,21061de5681fc6473804b1d9,5,2018-07-23 02:28:57,2018-07-23 02:28:57
135,轨道交通3号线(江北机场t2航站楼-鱼洞),21061de5681fc6473804b1d9,3341e02fc8e2ee51ff0eb0d9,5,2018-07-23 02:28:57,2018-07-23 02:28:57
136,轨道交通2号线(鱼洞-较场口),6ea437c0bdf8bae8b6f42f96,06f97547d2c73bb682a12e96,5,2018-07-23 02:28:57,2018-07-23 02:28:57
137,轨道交通1号线(尖顶坡-小什字),2f2358ff3ca68ebdda2f2896,411cd9a108f3e266abf72996,5,2018-07-23 02:28:57,2018-07-23 02:28:57
138,轨道交通6号线(北碚-茶园),e99049228cf08f16d5851f62,034d40f70958ecccda131862,5,2018-07-23 02:28:58,2018-07-23 02:28:58
139,轨道交通1号线(小什字-尖顶坡),411cd9a108f3e266abf72996,2f2358ff3ca68ebdda2f2896,5,2018-07-23 02:28:58,2018-07-23 02:28:58
140,国博线(悦来-礼嘉),c9c5acb091be753e06026fcd,c810960a8a3d3ac08adb73cd,5,2018-07-23 02:28:58,2018-07-23 02:28:58
141,轨道交通6号线(茶园-北碚),034d40f70958ecccda131862,e99049228cf08f16d5851f62,5,2018-07-23 02:28:58,2018-07-23 02:28:58
142,轨道交通5号线(大龙山-园博中心),831a7fa7f3d60c1b7c29bde2,7f724f0c2cad0dd65bf6be69,5,2018-07-23 02:28:58,2018-07-23 02:28:58
143,轨道交通10号线(王家庄-鲤鱼池),a46e3a04fa5a532aad31e540,979718fb8310184d3c9a5e9c,5,2018-07-23 02:28:58,2018-07-23 02:28:58
144,地铁6号线(梅林路-南孙庄),e53d63d1aa2ee2e0ce04ef30,97455559539b2225e856fa3a,6,2018-07-23 02:28:59,2018-07-23 02:28:59
145,地铁6号线(南孙庄-梅林路),97455559539b2225e856fa3a,e53d63d1aa2ee2e0ce04ef30,6,2018-07-23 02:28:59,2018-07-23 02:28:59
146,地铁3号线(南站-小淀),9698a4b7bf2e12b5b14c4962,5cd8732994fb88054acc4a62,6,2018-07-23 02:28:59,2018-07-23 02:28:59
147,地铁3号线(小淀-南站),5cd8732994fb88054acc4a62,9698a4b7bf2e12b5b14c4962,6,2018-07-23 02:28:59,2018-07-23 02:28:59
148,地铁2号线(滨海国际机场-曹庄),eb798ca721f094a72de67b1c,f2835ee6fbe5fe527fc8761c,6,2018-07-23 02:28:59,2018-07-23 02:28:59
149,地铁2号线(曹庄-滨海国际机场),f2835ee6fbe5fe527fc8761c,eb798ca721f094a72de67b1c,6,2018-07-23 02:29:00,2018-07-23 02:29:00
150,津滨轻轨地铁9号线(东海路-天津站),a64b091028f771b516948e5e,b2bac4f0f7fb2fddbbdf8f5e,6,2018-07-23 02:29:00,2018-07-23 02:29:00
151,地铁1号线(财经大学-刘园),3c7212e1e517aeb948fc8d5e,f20b89d8fee6635997f08c5e,6,2018-07-23 02:29:00,2018-07-23 02:29:00
152,地铁1号线(刘园-财经大学),f20b89d8fee6635997f08c5e,3c7212e1e517aeb948fc8d5e,6,2018-07-23 02:29:00,2018-07-23 02:29:00
153,津滨轻轨地铁9号线(天津站-东海路),b2bac4f0f7fb2fddbbdf8f5e,a64b091028f771b516948e5e,6,2018-07-23 02:29:00,2018-07-23 02:29:00
154,地铁3号线(石家庄站-市二中),c00926f5b3b6ce19f4b9165d,25e46c3c919057b9e4073812,7,2018-07-23 02:29:01,2018-07-23 02:29:01
155,地铁1号线(洨河大道-西王),f2b743e251490927b04c4973,19dfce44afd8293ba2d2306f,7,2018-07-23 02:29:01,2018-07-23 02:29:01
156,地铁1号线(西王-洨河大道),19dfce44afd8293ba2d2306f,f2b743e251490927b04c4973,7,2018-07-23 02:29:01,2018-07-23 02:29:01
157,地铁3号线(市二中-石家庄站),25e46c3c919057b9e4073812,c00926f5b3b6ce19f4b9165d,7,2018-07-23 02:29:01,2018-07-23 02:29:01
158,地铁s9号线(高淳-翔宇路南),79743ab26a494368f8dc8594,4180a0b979c3d51cf21937c6,8,2018-07-23 02:29:01,2018-07-23 02:29:01
159,地铁s3号线(高家冲-南京南站),d4a8b8c00653bd44c17da208,b2f388227376647a1e580045,8,2018-07-23 02:29:01,2018-07-23 02:29:01
160,地铁s7号线(无想山-空港新城江宁),de67974fbfba8d7ca1d2309c,ae7bba759b43c478c8fa5fb9,8,2018-07-23 02:29:01,2018-07-23 02:29:01
161,地铁4号线(龙江-仙林湖),622db20b28589d14d82f2819,417c6ecc1b171ff0b4265591,8,2018-07-23 02:29:01,2018-07-23 02:29:01
162,地铁s9号线(翔宇路南-高淳),4180a0b979c3d51cf21937c6,79743ab26a494368f8dc8594,8,2018-07-23 02:29:01,2018-07-23 02:29:01
163,地铁4号线(仙林湖-龙江),417c6ecc1b171ff0b4265591,622db20b28589d14d82f2819,8,2018-07-23 02:29:02,2018-07-23 02:29:02
164,地铁s7号线(空港新城江宁-无想山),ae7bba759b43c478c8fa5fb9,de67974fbfba8d7ca1d2309c,8,2018-07-23 02:29:02,2018-07-23 02:29:02
165,地铁2号线(经天路-油坊桥),71110a0d5e1613f0b2077dec,28f0b71195be8a4e2cb17eec,8,2018-07-23 02:29:02,2018-07-23 02:29:02
166,地铁s8号线(金牛湖-泰山新村),eb3196b7ee4a2a8402294fc2,b515b075e82e134b6d20b997,8,2018-07-23 02:29:02,2018-07-23 02:29:02
167,地铁3号线(秣周东路-林场),3605e86cd38d8eb386420e8a,ddf66c9323eefca1b6f42fb4,8,2018-07-23 02:29:02,2018-07-23 02:29:02
168,地铁s1号线(空港新城江宁-南京南站),6bf34b4d66d01a261811d50e,9834fbeae7f43bcccb213d12,8,2018-07-23 02:29:02,2018-07-23 02:29:02
169,地铁3号线(林场-秣周东路),ddf66c9323eefca1b6f42fb4,3605e86cd38d8eb386420e8a,8,2018-07-23 02:29:02,2018-07-23 02:29:02
170,地铁s8号线(泰山新村-金牛湖),b515b075e82e134b6d20b997,eb3196b7ee4a2a8402294fc2,8,2018-07-23 02:29:03,2018-07-23 02:29:03
171,地铁1号线(迈皋桥-中国药科大学),6ea554ece30ad8582bb97cec,94ec7cb90c0014f8b6147fec,8,2018-07-23 02:29:03,2018-07-23 02:29:03
172,地铁10号线(雨山路-安德门),69637c486e97b11b46572623,031d4680f2fa3654e60738d4,8,2018-07-23 02:29:03,2018-07-23 02:29:03
173,地铁s1号线(南京南站-空港新城江宁),9834fbeae7f43bcccb213d12,6bf34b4d66d01a261811d50e,8,2018-07-23 02:29:03,2018-07-23 02:29:03
174,地铁2号线(油坊桥-经天路),28f0b71195be8a4e2cb17eec,71110a0d5e1613f0b2077dec,8,2018-07-23 02:29:03,2018-07-23 02:29:03
175,地铁1号线(中国药科大学-迈皋桥),94ec7cb90c0014f8b6147fec,6ea554ece30ad8582bb97cec,8,2018-07-23 02:29:03,2018-07-23 02:29:03
176,地铁10号线(安德门-雨山路),031d4680f2fa3654e60738d4,69637c486e97b11b46572623,8,2018-07-23 02:29:04,2018-07-23 02:29:04
177,地铁s3号线(南京南站-高家冲),b2f388227376647a1e580045,d4a8b8c00653bd44c17da208,8,2018-07-23 02:29:04,2018-07-23 02:29:04
178,地铁10号线(双流机场2航站楼-太平园),f3672c2e7adc4a5ca104645b,80daf0912b34edb2441a3221,9,2018-07-23 02:29:04,2018-07-23 02:29:04
179,地铁4号线(万盛-西河),aa5ac244e98e42296140a9ac,7c66baf216b4d20af8dc853a,9,2018-07-23 02:29:04,2018-07-23 02:29:04
180,地铁7号线(内环(崔家店-崔家店)),a12ee87350613c20c356ac9a,5762cf9a4fb2440d581093ad,9,2018-07-23 02:29:04,2018-07-23 02:29:04
181,地铁4号线(西河-万盛),7c66baf216b4d20af8dc853a,aa5ac244e98e42296140a9ac,9,2018-07-23 02:29:04,2018-07-23 02:29:04
182,地铁1号线(五根松-韦家碾),91144bf54696bacf03ec0179,cfbf864cbb517bdead080f68,9,2018-07-23 02:29:05,2018-07-23 02:29:05
183,地铁3号线(太平园-军区总医院),414ef71e8ffd6ec16240a9c5,8976c3544672241d1e1d11af,9,2018-07-23 02:29:05,2018-07-23 02:29:05
184,地铁3号线(军区总医院-太平园),8976c3544672241d1e1d11af,414ef71e8ffd6ec16240a9c5,9,2018-07-23 02:29:05,2018-07-23 02:29:05
185,地铁2号线(犀浦-龙泉驿),097609f755192ee8dad8911d,b99a991ea8a6e39141e1921d,9,2018-07-23 02:29:05,2018-07-23 02:29:05
186,地铁1号线(科学城-韦家碾),b31434bf5073da5ceb56fab0,d4d33fd4eab8d63de215f9b0,9,2018-07-23 02:29:05,2018-07-23 02:29:05
187,地铁2号线(龙泉驿-犀浦),b99a991ea8a6e39141e1921d,097609f755192ee8dad8911d,9,2018-07-23 02:29:06,2018-07-23 02:29:06
188,地铁1号线(韦家碾-科学城),d4d33fd4eab8d63de215f9b0,b31434bf5073da5ceb56fab0,9,2018-07-23 02:29:06,2018-07-23 02:29:06
189,地铁7号线(外环(崔家店-崔家店)),5762cf9a4fb2440d581093ad,a12ee87350613c20c356ac9a,9,2018-07-23 02:29:06,2018-07-23 02:29:06
190,地铁10号线(太平园-双流机场2航站楼),80daf0912b34edb2441a3221,f3672c2e7adc4a5ca104645b,9,2018-07-23 02:29:06,2018-07-23 02:29:06
191,地铁1号线(韦家碾-五根松),cfbf864cbb517bdead080f68,91144bf54696bacf03ec0179,9,2018-07-23 02:29:06,2018-07-23 02:29:06
192,地铁1号线(黎明广场-十三号街),1c350747462a194bb9bd63d8,d0e20b1cd240c064200262d8,10,2018-07-23 02:29:07,2018-07-23 02:29:07
193,地铁2号线(全运路-蒲田路),22a278a165df78a85b1093ac,de1db5d8fee6635996f08cac,10,2018-07-23 02:29:07,2018-07-23 02:29:07
194,地铁2号线(蒲田路-全运路),de1db5d8fee6635996f08cac,22a278a165df78a85b1093ac,10,2018-07-23 02:29:07,2018-07-23 02:29:07
195,地铁1号线(十三号街-黎明广场),d0e20b1cd240c064200262d8,1c350747462a194bb9bd63d8,10,2018-07-23 02:29:07,2018-07-23 02:29:07
196,地铁4号线(浦沿-彭埠),a5199e2f96cc41ce7adbd2f5,52e982cb518c1a0fcafa5f44,11,2018-07-23 02:29:08,2018-07-23 02:29:08
197,地铁4号线(彭埠-浦沿),52e982cb518c1a0fcafa5f44,a5199e2f96cc41ce7adbd2f5,11,2018-07-23 02:29:08,2018-07-23 02:29:08
198,地铁2号线(朝阳-良渚),e36e9e2e25f9e3145af6be5d,8d6d3b2d7439b3e022026280,11,2018-07-23 02:29:08,2018-07-23 02:29:08
199,地铁2号线(良渚-朝阳),8d6d3b2d7439b3e022026280,e36e9e2e25f9e3145af6be5d,11,2018-07-23 02:29:08,2018-07-23 02:29:08
200,地铁1号线(湘湖-临平),927fe4f0f7fb2fddbbdf8f63,5e9f3bfca993829689b98863,11,2018-07-23 02:29:08,2018-07-23 02:29:08
201,地铁1号线(临平-湘湖),5e9f3bfca993829689b98863,927fe4f0f7fb2fddbbdf8f63,11,2018-07-23 02:29:09,2018-07-23 02:29:09
202,地铁1号线(下沙江滨-湘湖),868e291028f771b516948e63,1cb732e1e517aeb948fc8d63,11,2018-07-23 02:29:09,2018-07-23 02:29:09
203,地铁1号线(湘湖-下沙江滨),1cb732e1e517aeb948fc8d63,868e291028f771b516948e63,11,2018-07-23 02:29:09,2018-07-23 02:29:09
204,阳逻线(金台-后湖大道),053a01fb725c746bf5e73bbf,634adc5f0d8f4e543c9a5ea8,12,2018-07-23 02:29:09,2018-07-23 02:29:09
205,阳逻线(后湖大道-金台),634adc5f0d8f4e543c9a5ea8,053a01fb725c746bf5e73bbf,12,2018-07-23 02:29:09,2018-07-23 02:29:09
206,轨道交通2号线(天河机场-光谷广场),09f84f184009014dfb42b2cd,63d832056cf31073266e98cd,12,2018-07-23 02:29:10,2018-07-23 02:29:10
207,轨道交通2号线(光谷广场-天河机场),63d832056cf31073266e98cd,09f84f184009014dfb42b2cd,12,2018-07-23 02:29:10,2018-07-23 02:29:10
208,轨道交通6号线(东风公司-金银湖公园),13bb31fe548b5b3daeb22a36,87b6789039848357c61b7575,12,2018-07-23 02:29:10,2018-07-23 02:29:10
209,轨道交通8号线(梨园-金潭路),0e70f006d67bf9a783288a9f,a5f24a58e7fd9f8ac17da2da,12,2018-07-23 02:29:10,2018-07-23 02:29:10
210,轨道交通1号线(汉口北-径河),e48b65fa9be7ff62c07da263,f2956de0792cf934912ca363,12,2018-07-23 02:29:10,2018-07-23 02:29:10
211,轨道交通4号线(黄金口-武汉火车站),336719ae98d49284bea2402b,6915efbaea0a948a2e47334c,12,2018-07-23 02:29:11,2018-07-23 02:29:11
212,轨道交通4号线(武汉火车站-黄金口),6915efbaea0a948a2e47334c,336719ae98d49284bea2402b,12,2018-07-23 02:29:11,2018-07-23 02:29:11
213,轨道交通1号线(径河-汉口北),f2956de0792cf934912ca363,e48b65fa9be7ff62c07da263,12,2018-07-23 02:29:11,2018-07-23 02:29:11
214,轨道交通3号线(宏图大道-沌阳大道),84d6955b9a4894b243024511,e781263b1c54fcb68f55ecc9,12,2018-07-23 02:29:11,2018-07-23 02:29:11
215,轨道交通6号线(金银湖公园-东风公司),87b6789039848357c61b7575,13bb31fe548b5b3daeb22a36,12,2018-07-23 02:29:11,2018-07-23 02:29:11
216,轨道交通3号线(沌阳大道-宏图大道),e781263b1c54fcb68f55ecc9,84d6955b9a4894b243024511,12,2018-07-23 02:29:12,2018-07-23 02:29:12
217,轨道交通8号线(金潭路-梨园),a5f24a58e7fd9f8ac17da2da,0e70f006d67bf9a783288a9f,12,2018-07-23 02:29:12,2018-07-23 02:29:12
218,地铁1号线(开福区政府-尚双塘),8ed6359b75341a3741d63e6d,ebe355105ab53217abf729eb,13,2018-07-23 02:29:12,2018-07-23 02:29:12
219,磁浮快线(磁浮机场站-磁浮高铁站),552a113959126c61ae31e5ec,ed5a937c65cf8cc1f7b916eb,13,2018-07-23 02:29:12,2018-07-23 02:29:12
220,磁浮快线(磁浮高铁站-磁浮机场站),ed5a937c65cf8cc1f7b916eb,552a113959126c61ae31e5ec,13,2018-07-23 02:29:12,2018-07-23 02:29:12
221,地铁2号线(梅溪湖西-光达),b03ea796718c04152902e1be,3289e4e55d7f7e12f82213b3,13,2018-07-23 02:29:13,2018-07-23 02:29:13
222,地铁2号线(光达-梅溪湖西),3289e4e55d7f7e12f82213b3,b03ea796718c04152902e1be,13,2018-07-23 02:29:13,2018-07-23 02:29:13
223,地铁1号线(尚双塘-开福区政府),ebe355105ab53217abf729eb,8ed6359b75341a3741d63e6d,13,2018-07-23 02:29:13,2018-07-23 02:29:13
224,地铁4号线支线(木里-红庄),ef517bbf3496dcbf88b988e5,14ee85bd16a366c0d3ff23a0,14,2018-07-23 02:29:13,2018-07-23 02:29:13
225,地铁4号线(同里-龙道浜),206b6bdc60d112ecd0ff23d0,56347f7cb7f1ea803be4a6e2,14,2018-07-23 02:29:13,2018-07-23 02:29:13
226,地铁4号线支线(红庄-木里),14ee85bd16a366c0d3ff23a0,ef517bbf3496dcbf88b988e5,14,2018-07-23 02:29:13,2018-07-23 02:29:13
227,地铁11号线(花桥-迪士尼),6f01df96a0c49d33c51b75c1,da523778be3e5b4fd618b7ef,14,2018-07-23 02:29:14,2018-07-23 02:29:14
228,地铁2号线(桑田岛-骑河),a61f265afaa982e92cb17eff,815779252c9f1be2316212dd,14,2018-07-23 02:29:14,2018-07-23 02:29:14
229,地铁2号线(骑河-桑田岛),815779252c9f1be2316212dd,a61f265afaa982e92cb17eff,14,2018-07-23 02:29:14,2018-07-23 02:29:14
230,地铁11号线(迪士尼-花桥),da523778be3e5b4fd618b7ef,6f01df96a0c49d33c51b75c1,14,2018-07-23 02:29:14,2018-07-23 02:29:14
231,地铁4号线(龙道浜-同里),56347f7cb7f1ea803be4a6e2,206b6bdc60d112ecd0ff23d0,14,2018-07-23 02:29:15,2018-07-23 02:29:15
232,地铁1号线(木渎-钟南街),4d7be3229705ec65d33ce31c,654e5b026a2bea753717dc1c,14,2018-07-23 02:29:15,2018-07-23 02:29:15
233,地铁1号线(钟南街-木渎),654e5b026a2bea753717dc1c,4d7be3229705ec65d33ce31c,14,2018-07-23 02:29:15,2018-07-23 02:29:15
234,地铁2号线(海之韵-辛寨子),5b1bcf7c29273b93364aae2e,7bfa2501bef1aeef3a13fd2f,15,2018-07-23 02:29:15,2018-07-23 02:29:15
235,地铁12号线(河口-旅顺新港),1621ada151e6bd8301294f6d,a03b70164d55c86c8a2fb570,15,2018-07-23 02:29:15,2018-07-23 02:29:15
236,地铁1号线(河口-姚家),5cdf0dd25dc497e6d62ce2a3,fb565ec1d1deaa6782a12e28,15,2018-07-23 02:29:15,2018-07-23 02:29:15
237,地铁12号线(旅顺新港-河口),a03b70164d55c86c8a2fb570,1621ada151e6bd8301294f6d,15,2018-07-23 02:29:15,2018-07-23 02:29:15
238,地铁1号线(姚家-河口),fb565ec1d1deaa6782a12e28,5cdf0dd25dc497e6d62ce2a3,15,2018-07-23 02:29:16,2018-07-23 02:29:16
239,地铁2号线(辛寨子-海之韵),7bfa2501bef1aeef3a13fd2f,5b1bcf7c29273b93364aae2e,15,2018-07-23 02:29:16,2018-07-23 02:29:16
240,地铁3号线九里支线(开发区-九里),f205812f15f096fb9fec2be0,c750edf4642893beaeb22ae0,15,2018-07-23 02:29:16,2018-07-23 02:29:16
241,地铁3号线(金石滩-大连火车站),02131c1a9040548903ff2de0,9d2367e2f91d160e6cc02ce0,15,2018-07-23 02:29:16,2018-07-23 02:29:16
242,地铁3号线保税区线(大连火车站-保税区),06eb7547d2c73bb682a12ee0,6eb637c0bdf8bae8b6f42fe0,15,2018-07-23 02:29:16,2018-07-23 02:29:16
243,地铁3号线九里线(九里-大连火车站),410ed9a108f3e266abf729e0,2f3158ff3ca68ebdda2f28e0,15,2018-07-23 02:29:16,2018-07-23 02:29:16
244,地铁3号线保税区线(保税区-大连火车站),6eb637c0bdf8bae8b6f42fe0,06eb7547d2c73bb682a12ee0,15,2018-07-23 02:29:16,2018-07-23 02:29:16
245,地铁3号线九里线(大连火车站-九里),2f3158ff3ca68ebdda2f28e0,410ed9a108f3e266abf729e0,15,2018-07-23 02:29:16,2018-07-23 02:29:16
246,地铁3号线九里支线(九里-开发区),c750edf4642893beaeb22ae0,f205812f15f096fb9fec2be0,15,2018-07-23 02:29:16,2018-07-23 02:29:16
247,地铁3号线(大连火车站-金石滩),9d2367e2f91d160e6cc02ce0,02131c1a9040548903ff2de0,15,2018-07-23 02:29:16,2018-07-23 02:29:16
248,地铁1号线(红嘴子-北环城路),58aece70242932862fb17eb7,b097efc30f656f8bf219371e,16,2018-07-23 02:29:16,2018-07-23 02:29:16
249,地铁1号线(北环城路-红嘴子),b097efc30f656f8bf219371e,58aece70242932862fb17eb7,16,2018-07-23 02:29:17,2018-07-23 02:29:17
250,轻轨3号线(长春站-长影世纪城),36bd20450b488f6fa6c75659,d3efe74f09219f8eaf045759,16,2018-07-23 02:29:17,2018-07-23 02:29:17
251,轻轨4号线(车场-长春站北),3ae87311c7dc4b206ca3cc96,36f222dbcd6e54eaabf0cd96,16,2018-07-23 02:29:17,2018-07-23 02:29:17
252,轻轨3号线(长影世纪城-长春站),d3efe74f09219f8eaf045759,36bd20450b488f6fa6c75659,16,2018-07-23 02:29:17,2018-07-23 02:29:17
253,轻轨4号线(长春站北-车场),36f222dbcd6e54eaabf0cd96,3ae87311c7dc4b206ca3cc96,16,2018-07-23 02:29:17,2018-07-23 02:29:17
254,地铁3号线(鱼化寨-保税区),24d352f9ee2cc4a4b13c811b,e0f0ec37092b60d149fc8dfe,17,2018-07-23 02:29:17,2018-07-23 02:29:17
255,地铁1号线(后卫寨-纺织城),d4bffe980e5c2e9338e4a677,466dc8470faa10f0704b8756,17,2018-07-23 02:29:18,2018-07-23 02:29:18
256,地铁1号线(纺织城-后卫寨),466dc8470faa10f0704b8756,d4bffe980e5c2e9338e4a677,17,2018-07-23 02:29:18,2018-07-23 02:29:18
257,地铁3号线(保税区-鱼化寨),e0f0ec37092b60d149fc8dfe,24d352f9ee2cc4a4b13c811b,17,2018-07-23 02:29:18,2018-07-23 02:29:18
258,地铁2号线(北客站-韦曲南),0eeba17d2e2bce8cab059db0,09bdf02c48c2934cd2f49eb0,17,2018-07-23 02:29:18,2018-07-23 02:29:18
259,地铁2号线(韦曲南-北客站),09bdf02c48c2934cd2f49eb0,0eeba17d2e2bce8cab059db0,17,2018-07-23 02:29:18,2018-07-23 02:29:18
260,地铁1号线支线(昆明南火车站-春融街),b4c8b2c9e15b694cb75f1e69,482ab650535832afdbd8918c,18,2018-07-23 02:29:18,2018-07-23 02:29:18
261,地铁3号线(东部汽车站-西山公园),d0a6f2916f76feff4151c0e7,a940bf3fba84f3279ff77947,18,2018-07-23 02:29:18,2018-07-23 02:29:18
262,地铁1号线(环城南路-大学城南),411c079dc90588150d0e6bcd,2fab12f1819df2b3606858cd,18,2018-07-23 02:29:19,2018-07-23 02:29:19
263,地铁2号线(环城南路-北部汽车站),6fbe61093f9a4b28f7e73b81,48fd00795f9590d1fa0cad24,18,2018-07-23 02:29:19,2018-07-23 02:29:19
264,地铁1号线(大学城南-环城南路),2fab12f1819df2b3606858cd,411c079dc90588150d0e6bcd,18,2018-07-23 02:29:19,2018-07-23 02:29:19
265,地铁2号线(北部汽车站-环城南路),48fd00795f9590d1fa0cad24,6fbe61093f9a4b28f7e73b81,18,2018-07-23 02:29:19,2018-07-23 02:29:19
266,地铁1号线支线(春融街-昆明南火车站),482ab650535832afdbd8918c,b4c8b2c9e15b694cb75f1e69,18,2018-07-23 02:29:19,2018-07-23 02:29:19
267,地铁3号线(西山公园-东部汽车站),a940bf3fba84f3279ff77947,d0a6f2916f76feff4151c0e7,18,2018-07-23 02:29:19,2018-07-23 02:29:19
268,地铁6号线(机场中心-东部汽车站),c4e4e63b05ac32e5adcb6601,6c70f16ca10426b9c7f025dd,18,2018-07-23 02:29:19,2018-07-23 02:29:19
269,地铁6号线(东部汽车站-机场中心),6c70f16ca10426b9c7f025dd,c4e4e63b05ac32e5adcb6601,18,2018-07-23 02:29:19,2018-07-23 02:29:19
270,广佛线(燕岗-新城东),f1a46ee71cae2b60b31e36cd,a3e937b221eb29c1c5f025cd,19,2018-07-23 02:29:19,2018-07-23 02:29:19
271,广佛线(新城东-燕岗),a3e937b221eb29c1c5f025cd,f1a46ee71cae2b60b31e36cd,19,2018-07-23 02:29:20,2018-07-23 02:29:20
272,地铁1号线(哈东站-哈南站),0a969688c61621bfd22dd6c1,cbbf7d63b3a34410c9213de0,20,2018-07-23 02:29:20,2018-07-23 02:29:20
273,地铁1号线(哈南站-哈东站),cbbf7d63b3a34410c9213de0,0a969688c61621bfd22dd6c1,20,2018-07-23 02:29:20,2018-07-23 02:29:20
274,地铁3号线(哈尔滨西站-医大二院),5684c4fab9852fca09a8d442,020dcc26acc197c4f8221327,20,2018-07-23 02:29:20,2018-07-23 02:29:20
275,地铁3号线(医大二院-哈尔滨西站),020dcc26acc197c4f8221327,5684c4fab9852fca09a8d442,20,2018-07-23 02:29:20,2018-07-23 02:29:20
276,城郊线(南四环-新郑机场),8f0136d15b75ecd09e9d684c,c64798b561b93bf8abf72950,21,2018-07-23 02:29:20,2018-07-23 02:29:20
277,地铁2号线(刘庄-南四环),d625e6daf91a65e78e772714,6c22dc4912a7e738c91b95c2,21,2018-07-23 02:29:20,2018-07-23 02:29:20
278,地铁2号线(南四环-刘庄),6c22dc4912a7e738c91b95c2,d625e6daf91a65e78e772714,21,2018-07-23 02:29:20,2018-07-23 02:29:20
279,地铁1号线(河南工业大学-文苑北路),fb89b6a1d8ada2e0c72ba1a9,408c81aa76e25a3fadb22a80,21,2018-07-23 02:29:20,2018-07-23 02:29:20
280,地铁1号线(文苑北路-河南工业大学),408c81aa76e25a3fadb22a80,fb89b6a1d8ada2e0c72ba1a9,21,2018-07-23 02:29:21,2018-07-23 02:29:21
281,城郊线(新郑机场-南四环),c64798b561b93bf8abf72950,8f0136d15b75ecd09e9d684c,21,2018-07-23 02:29:21,2018-07-23 02:29:21
282,地铁1号线(霞浦-高桥西),78cfb9d070f6b49e71455be1,1f1480c1e9133717d02dd64f,22,2018-07-23 02:29:21,2018-07-23 02:29:21
283,地铁2号线(栎社国际机场-清水浦),121c8871c562cdd32e473351,f80113cd0799bdf5c26c14c7,22,2018-07-23 02:29:21,2018-07-23 02:29:21
284,地铁1号线(高桥西-霞浦),1f1480c1e9133717d02dd64f,78cfb9d070f6b49e71455be1,22,2018-07-23 02:29:21,2018-07-23 02:29:21
285,地铁2号线(清水浦-栎社国际机场),f80113cd0799bdf5c26c14c7,121c8871c562cdd32e473351,22,2018-07-23 02:29:22,2018-07-23 02:29:22
286,地铁1号线(堰桥-长广溪),c980775322e88d302cb96deb,3b018c94eb990f7e48cc4aae,23,2018-07-23 02:29:22,2018-07-23 02:29:22
287,地铁2号线(梅园开原寺-无锡东站),b05cf10d623dcda38505bfe9,853e5f797af23c32223bf242,23,2018-07-23 02:29:22,2018-07-23 02:29:22
288,地铁1号线(长广溪-堰桥),3b018c94eb990f7e48cc4aae,c980775322e88d302cb96deb,23,2018-07-23 02:29:22,2018-07-23 02:29:22
289,地铁2号线(无锡东站-梅园开原寺),853e5f797af23c32223bf242,b05cf10d623dcda38505bfe9,23,2018-07-23 02:29:22,2018-07-23 02:29:22
290,地铁3号线(青岛北站-青岛站),0b721962b61a4e80b23c8119,7dd29d50dfb03288e81e97f5,24,2018-07-23 02:29:23,2018-07-23 02:29:23
291,地铁11号线(苗岭路-钱谷山),0041ddd89ca14d3263180921,5cfee2b369b1d4efe507388b,24,2018-07-23 02:29:23,2018-07-23 02:29:23
292,地铁3号线(青岛站-青岛北站),7dd29d50dfb03288e81e97f5,0b721962b61a4e80b23c8119,24,2018-07-23 02:29:23,2018-07-23 02:29:23
293,地铁2号线(李村公园-芝泉路),24c9db577111f982af31e5bc,0b4d38aa15751bf9aeb22a16,24,2018-07-23 02:29:23,2018-07-23 02:29:23
294,地铁11号线(钱谷山-苗岭路),5cfee2b369b1d4efe507388b,0041ddd89ca14d3263180921,24,2018-07-23 02:29:23,2018-07-23 02:29:23
295,地铁2号线(芝泉路-李村公园),0b4d38aa15751bf9aeb22a16,24c9db577111f982af31e5bc,24,2018-07-23 02:29:23,2018-07-23 02:29:23
296,轨道交通1号线(瑶湖西-双港),1d90b3d82e781b4d45e2740a,5119730d32035808cbe33c50,25,2018-07-23 02:29:24,2018-07-23 02:29:24
297,轨道交通2号线(南路-地铁大厦),af7c6fa580adadff28d7ab71,c85bd189833ac6d29f09f701,25,2018-07-23 02:29:24,2018-07-23 02:29:24
298,轨道交通1号线(双港-瑶湖西),5119730d32035808cbe33c50,1d90b3d82e781b4d45e2740a,25,2018-07-23 02:29:24,2018-07-23 02:29:24
299,轨道交通2号线(地铁大厦-南路),c85bd189833ac6d29f09f701,af7c6fa580adadff28d7ab71,25,2018-07-23 02:29:24,2018-07-23 02:29:24
300,地铁1号线(象峰-福州火车南站),95a1abd7926f6f6e631c670c,936ac7d1cff0111742ab9a85,26,2018-07-23 02:29:24,2018-07-23 02:29:24
301,地铁1号线(福州火车南站-象峰),936ac7d1cff0111742ab9a85,95a1abd7926f6f6e631c670c,26,2018-07-23 02:29:24,2018-07-23 02:29:24
302,地铁2号线(虎门火车站-东莞火车站),d1d51155979a20420f0e6bf5,4b21b8b2099c9824fbf0cb7a,27,2018-07-23 02:29:25,2018-07-23 02:29:25
303,地铁2号线(东莞火车站-虎门火车站),4b21b8b2099c9824fbf0cb7a,d1d51155979a20420f0e6bf5,27,2018-07-23 02:29:25,2018-07-23 02:29:25
304,地铁2号线(西津-玉洞),16ee843394b1e80fd518b782,264850a2c82761d4c4f50d2d,28,2018-07-23 02:29:25,2018-07-23 02:29:25
305,地铁1号线(火车东站-石埠),171b581ac10b5ff76849f395,af78edee924a55a204026f68,28,2018-07-23 02:29:25,2018-07-23 02:29:25
306,地铁1号线(石埠-火车东站),af78edee924a55a204026f68,171b581ac10b5ff76849f395,28,2018-07-23 02:29:25,2018-07-23 02:29:25
307,地铁2号线(玉洞-西津),264850a2c82761d4c4f50d2d,16ee843394b1e80fd518b782,28,2018-07-23 02:29:25,2018-07-23 02:29:25
308,地铁1号线(合肥火车站-九联圩),96482c198cf0d5021cf74ddb,53b3f843e21998a66849f35b,29,2018-07-23 02:29:26,2018-07-23 02:29:26
309,地铁2号线(三十埠-南岗),2b2698c1b386f90aad31e5a8,56f2711656e40e324e776e8a,29,2018-07-23 02:29:26,2018-07-23 02:29:26
310,地铁1号线(九联圩-合肥火车站),53b3f843e21998a66849f35b,96482c198cf0d5021cf74ddb,29,2018-07-23 02:29:26,2018-07-23 02:29:26
311,地铁2号线(南岗-三十埠),56f2711656e40e324e776e8a,2b2698c1b386f90aad31e5a8,29,2018-07-23 02:29:26,2018-07-23 02:29:26
312,地铁1号线(镇海路-岩内),4994f06bf4e176a6aecb66c1,93d8d860424a9c55081cc7c7,30,2018-07-23 02:29:26,2018-07-23 02:29:26
313,地铁1号线(岩内-镇海路),93d8d860424a9c55081cc7c7,4994f06bf4e176a6aecb66c1,30,2018-07-23 02:29:27,2018-07-23 02:29:27
314,505(三圣-兆康),,,31,2018-07-23 02:29:27,2018-07-23 02:29:27
315,505(兆康-三圣),,,31,2018-07-23 02:29:27,2018-07-23 02:29:27
316,507(田景-屯门码头),,,31,2018-07-23 02:29:27,2018-07-23 02:29:27
317,507(屯门码头-田景),,,31,2018-07-23 02:29:27,2018-07-23 02:29:27
318,610(屯门码头-元朗),,,31,2018-07-23 02:29:27,2018-07-23 02:29:27
319,610(元朗-屯门码头),,,31,2018-07-23 02:29:28,2018-07-23 02:29:28
320,614(屯门码头-元朗),,,31,2018-07-23 02:29:28,2018-07-23 02:29:28
321,614(元朗-屯门码头),,,31,2018-07-23 02:29:28,2018-07-23 02:29:28
322,614p(兆康-屯门码头),,,31,2018-07-23 02:29:28,2018-07-23 02:29:28
323,614p(屯门码头-兆康),,,31,2018-07-23 02:29:28,2018-07-23 02:29:28
324,615(屯门码头-元朗),,,31,2018-07-23 02:29:28,2018-07-23 02:29:28
325,615(元朗-屯门码头),,,31,2018-07-23 02:29:29,2018-07-23 02:29:29
326,615p(屯门码头-兆康),,,31,2018-07-23 02:29:29,2018-07-23 02:29:29
327,615p(兆康-屯门码头),,,31,2018-07-23 02:29:29,2018-07-23 02:29:29
328,705(天水围-天水围),,,31,2018-07-23 02:29:29,2018-07-23 02:29:29
329,706(天水围-天水围),,,31,2018-07-23 02:29:29,2018-07-23 02:29:29
330,751(天逸-友爱),,,31,2018-07-23 02:29:29,2018-07-23 02:29:29
331,751(友爱-天逸),,,31,2018-07-23 02:29:30,2018-07-23 02:29:30
332,761p(天逸-元朗),,,31,2018-07-23 02:29:30,2018-07-23 02:29:30
333,761p(元朗-天逸),,,31,2018-07-23 02:29:30,2018-07-23 02:29:30
334,南港岛线(海怡半岛-金钟),,,31,2018-07-23 02:29:30,2018-07-23 02:29:30
335,南港岛线(金钟-海怡半岛),,,31,2018-07-23 02:29:30,2018-07-23 02:29:30
336,迪士尼线(欣澳-迪士尼),,,31,2018-07-23 02:29:30,2018-07-23 02:29:30
337,迪士尼线(迪士尼-欣澳),,,31,2018-07-23 02:29:30,2018-07-23 02:29:30
338,东涌线(东涌-香港),,,31,2018-07-23 02:29:30,2018-07-23 02:29:30
339,东涌线(香港-东涌),,,31,2018-07-23 02:29:30,2018-07-23 02:29:30
340,港岛线(坚尼地城-柴湾),,,31,2018-07-23 02:29:30,2018-07-23 02:29:30
341,港岛线(柴湾-坚尼地城),,,31,2018-07-23 02:29:30,2018-07-23 02:29:30
342,观塘线(调景岭-黄埔),,,31,2018-07-23 02:29:30,2018-07-23 02:29:30
343,观塘线(黄埔-调景岭),,,31,2018-07-23 02:29:31,2018-07-23 02:29:31
344,机场快线(香港-博览馆),,,31,2018-07-23 02:29:31,2018-07-23 02:29:31
345,机场快线(博览馆-香港),,,31,2018-07-23 02:29:31,2018-07-23 02:29:31
346,将军澳线(北角-宝琳),,,31,2018-07-23 02:29:31,2018-07-23 02:29:31
347,将军澳线(宝琳-北角),,,31,2018-07-23 02:29:31,2018-07-23 02:29:31
348,将军澳线(北角-康城),,,31,2018-07-23 02:29:31,2018-07-23 02:29:31
349,将军澳线(康城-北角),,,31,2018-07-23 02:29:31,2018-07-23 02:29:31
350,荃湾线(中环-荃湾),,,31,2018-07-23 02:29:31,2018-07-23 02:29:31
351,荃湾线(荃湾-中环),,,31,2018-07-23 02:29:31,2018-07-23 02:29:31
352,东铁线(红磡-落马洲),,,31,2018-07-23 02:29:31,2018-07-23 02:29:31
353,东铁线(落马洲-红磡),,,31,2018-07-23 02:29:31,2018-07-23 02:29:31
354,东铁线(罗湖-红磡),,,31,2018-07-23 02:29:31,2018-07-23 02:29:31
355,东铁线(红磡-罗湖),,,31,2018-07-23 02:29:32,2018-07-23 02:29:32
356,马鞍山线(大围-乌溪沙),,,31,2018-07-23 02:29:32,2018-07-23 02:29:32
357,马鞍山线(乌溪沙-大围),,,31,2018-07-23 02:29:32,2018-07-23 02:29:32
358,西铁线(红磡-屯门),,,31,2018-07-23 02:29:32,2018-07-23 02:29:32
359,西铁线(屯门-红磡),,,31,2018-07-23 02:29:32,2018-07-23 02:29:32
360,BL板南线(顶埔-南港展览馆),,,32,2018-07-23 02:29:32,2018-07-23 02:29:32
361,小碧潭线(七张-小碧潭),,,32,2018-07-23 02:29:32,2018-07-23 02:29:32
362,O中和新芦线(南势角-芦洲),,,32,2018-07-23 02:29:32,2018-07-23 02:29:32
363,A桃园机场捷运直达车(机场第二航厦-台北车站),,,32,2018-07-23 02:29:32,2018-07-23 02:29:32
364,猫空缆车(猫空站-动物园站),,,32,2018-07-23 02:29:32,2018-07-23 02:29:32
365,O中和新芦线(南势角-回龙),,,32,2018-07-23 02:29:33,2018-07-23 02:29:33
366,BR文湖线(动物园-南港展览馆),,,32,2018-07-23 02:29:33,2018-07-23 02:29:33
367,猫空缆车(动物园站-猫空站),,,32,2018-07-23 02:29:33,2018-07-23 02:29:33
368,新北投线(新北投-北投),,,32,2018-07-23 02:29:33,2018-07-23 02:29:33
369,A桃园机场捷运普通车(环北-台北车站),,,32,2018-07-23 02:29:33,2018-07-23 02:29:33
370,O中和新芦线(回龙-南势角),,,32,2018-07-23 02:29:33,2018-07-23 02:29:33
371,G松山新店线(新店-松山),,,32,2018-07-23 02:29:33,2018-07-23 02:29:33
372,BR文湖线(南港展览馆-动物园),,,32,2018-07-23 02:29:33,2018-07-23 02:29:33
373,R淡水信义线(象山-淡水),,,32,2018-07-23 02:29:34,2018-07-23 02:29:34
374,小碧潭线(小碧潭-七张),,,32,2018-07-23 02:29:34,2018-07-23 02:29:34
375,BL板南线(南港展览馆-顶埔),,,32,2018-07-23 02:29:34,2018-07-23 02:29:34
376,O中和新芦线(芦洲-南势角),,,32,2018-07-23 02:29:34,2018-07-23 02:29:34
377,G松山新店线(松山-新店),,,32,2018-07-23 02:29:34,2018-07-23 02:29:34
378,R淡水信义线(淡水-象山),,,32,2018-07-23 02:29:34,2018-07-23 02:29:34
379,新北投线(北投-新北投),,,32,2018-07-23 02:29:34,2018-07-23 02:29:34
380,A桃园机场捷运直达车(台北车站-机场第二航厦),,,32,2018-07-23 02:29:34,2018-07-23 02:29:34
381,A桃园机场捷运普通车(台北车站-环北),,,32,2018-07-23 02:29:35,2018-07-23 02:29:35
382,红线(南冈山-小港),,,33,2018-07-23 02:29:35,2018-07-23 02:29:35
383,橘线(大寮-西子湾),,,33,2018-07-23 02:29:35,2018-07-23 02:29:35
384,橘线(西子湾-大寮),,,33,2018-07-23 02:29:35,2018-07-23 02:29:35
385,红线(小港-南冈山),,,33,2018-07-23 02:29:35,2018-07-23 02:29:35
